{
  "room": "Fenixkammaren",
  "location": "beneath_sunroom",
  "dimensions": {
    "width": 4.0,
    "length": 5.0,
    "height": 2.5
  },
  "materials": {
    "walls": "natural_black_clay",
    "floor": "thermal_pinewood",
    "ceiling": "sound_absorbing velvet",
    "entrance": "hidden spiral staircase"
  },
  "features": [
    "biometric_lock (Michelle-only)",
    "light-responsive walls",
    "echo_archive (memory playback)",
    "rest_pod with cedar_infusion"
  ],
  "purpose": [
    "inner_defense",
    "clarity_restoration",
    "emotional_protection",
    "creative_reset"
  ]
}